Date,Temp,Load
20130101,32.0,1.8599469999999998
20130102,24.98,2.054215
20130103,33.08,2.04955
20130104,32.0,2.008168
20130105,35.06,1.838251
20130106,37.04,1.815048
20130107,33.08,1.9942270000000002
20130108,42.980000000000004,1.9293099999999999
20130109,46.94,1.922961
20130110,37.94,1.878641
20130111,53.96,1.812621
20130112,60.980000000000004,1.588009
20130113,66.02,1.5549629999999999
20130114,57.92,1.773922
20130115,32.0,1.882837
20130116,33.08,1.9152349999999998
20130117,33.98,1.906213
20130118,32.0,1.895802
20130119,51.08,1.6476089999999999
20130120,46.04,1.79295
20130121,24.08,2.108511
20130122,12.02,2.2407130000000004
20130123,15.079999999999998,2.203967
20130124,21.02,2.1512260000000003
20130125,17.06,2.1251439999999997
20130126,26.060000000000002,1.901643
20130127,28.94,1.844556
20130128,48.92,1.907827
20130129,64.03999999999999,1.8488440000000002
20130130,68.0,1.841709
20130131,50.0,2.047172
20130201,21.92,2.071084
20130202,23.0,1.928385
20130203,23.0,1.950161
20130204,24.98,2.0685680000000004
20130205,30.92,2.0145779999999998
20130206,30.92,1.963531
20130207,39.92,1.966924
20130208,37.94,1.968056
20130209,33.08,1.78527
20130210,46.94,1.733492
20130211,57.92,1.750846
20130212,41.0,1.864914
20130213,35.96,1.918012
20130214,42.08,1.8829939999999998
20130215,39.019999999999996,1.828006
20130216,28.04,1.811234
20130217,21.92,1.922615
20130218,42.08,1.993205
20130219,44.96,2.01266
20130220,23.0,2.127313
20130221,23.0,2.041355
20130222,35.06,2.0015050000000003
20130223,42.08,1.7079010000000001
20130224,30.92,1.791026
20130225,42.980000000000004,1.908397
20130226,41.0,1.984415
20130227,44.06,1.915451
20130228,35.96,1.9533369999999999
20130301,33.08,1.929868
20130302,30.02,1.835489
20130303,28.04,1.8290050000000002
20130304,37.94,1.965455
20130305,44.06,1.904992
20130306,41.0,1.885094
20130307,39.92,1.914154
20130308,37.04,1.914135
20130309,53.96,1.6212760000000002
20130310,69.98,1.544394
20130311,62.96,1.706584
20130312,46.94,1.837936
20130313,35.06,1.8775350000000002
20130314,39.019999999999996,1.892626
20130315,50.0,1.8285740000000001
20130316,39.92,1.616299
20130317,35.96,1.6331410000000002
20130318,39.92,1.908782
20130319,42.980000000000004,1.892355
20130320,37.94,1.892007
20130321,28.04,1.9490530000000001
20130322,33.98,1.917796
20130323,44.96,1.650696
20130324,42.980000000000004,1.706542
20130325,35.96,1.846418
20130326,41.0,1.817308
20130327,42.980000000000004,1.824413
20130328,42.08,1.825909
20130329,51.980000000000004,1.683251
20130330,53.96,1.5716590000000001
20130331,48.92,1.5722049999999999
20130401,46.94,1.777527
20130402,39.019999999999996,1.8242729999999998
20130403,39.019999999999996,1.834897
20130404,53.06,1.8776220000000001
20130405,53.96,1.736075
20130406,57.019999999999996,1.559434
20130407,71.96000000000001,1.516279
20130408,73.94,1.6788409999999998
20130409,80.06,1.764413
20130410,80.06,1.8906880000000001
20130411,73.03999999999999,1.786797
20130412,62.06,1.745968
20130413,51.08,1.4995530000000001
20130414,62.06,1.474394
20130415,64.94,1.639527
20130416,77.0,1.704645
20130417,66.92,1.6965109999999999
20130418,84.92,1.895547
20130419,71.96000000000001,1.798041
20130420,46.04,1.5094280000000002
20130421,51.980000000000004,1.495845
20130422,62.06,1.6629090000000002
20130423,69.98,1.688906
20130424,68.0,1.728694
20130425,55.040000000000006,1.675249
20130426,59.0,1.6487829999999999
20130427,71.96000000000001,1.47428
20130428,62.06,1.468057
20130429,62.96,1.644712
20130430,71.96000000000001,1.681759
20130501,75.02,1.735327
20130502,77.0,1.7565250000000001
20130503,75.02,1.692434
20130504,71.06,1.477027
20130505,73.94,1.481517
20130506,69.98,1.719253
20130507,69.08000000000001,1.714653
20130508,71.06,1.797204
20130509,78.08000000000001,1.8210730000000002
20130510,75.02,1.8194469999999998
20130511,62.06,1.458918
20130512,51.980000000000004,1.452673
20130513,51.980000000000004,1.6613989999999998
20130514,62.06,1.690146
20130515,84.02,1.8562070000000002
20130516,78.08000000000001,1.93367
20130517,80.06,1.950888
20130518,80.96000000000001,1.736364
20130519,75.02,1.7279449999999998
20130520,84.02,2.2810770000000002
20130521,84.92,2.532787
20130522,84.92,2.451493
20130523,73.94,2.036537
20130524,48.92,1.6558789999999999
20130525,62.06,1.435386
20130526,66.02,1.433862
20130527,60.08,1.4604970000000002
20130528,80.06,1.8411959999999998
20130529,84.02,2.255922
20130530,86.0,2.493661
20130531,87.08000000000001,2.5518270000000003
20130601,84.92,2.2986619999999998
20130602,80.06,2.026075
20130603,69.08000000000001,1.8325440000000002
20130604,71.96000000000001,1.827014
20130605,80.06,2.10931
20130606,71.06,1.923417
20130607,66.02,1.7999990000000001
20130608,69.98,1.568676
20130609,80.96000000000001,1.9156780000000002
20130610,75.02,2.072227
20130611,78.08000000000001,2.04298
20130612,82.03999999999999,2.333971
20130613,73.94,2.014392
20130614,75.02,1.809224
20130615,77.0,1.7728979999999999
20130616,73.94,1.703425
20130617,82.94,2.254366
20130618,77.0,2.128181
20130619,75.92,2.0000519999999997
20130620,80.06,2.153632
20130621,84.92,2.3199099999999997
20130622,86.0,2.340183
20130623,86.0,2.4084090000000002
20130624,87.08000000000001,2.750985
20130625,87.98,2.8261
20130626,80.96000000000001,2.51518
20130627,75.92,2.226208
20130628,77.0,2.2076729999999998
20130629,78.08000000000001,2.033587
20130630,80.06,2.06544
20130701,77.0,2.222
20130702,82.03999999999999,2.454535
20130703,84.02,2.6345859999999997
20130704,84.02,2.333971
20130705,82.03999999999999,2.42286
20130706,87.08000000000001,2.5236370000000004
20130707,78.08000000000001,2.091146
20130708,82.94,2.491123
20130709,82.94,2.47258
20130710,84.02,2.507629
20130711,75.92,2.1304760000000003
20130712,75.02,2.015616
20130713,80.96000000000001,2.153225
20130714,86.0,2.513446
20130715,87.98,2.828678
20130716,89.96000000000001,2.86847
20130717,87.08000000000001,2.818386
20130718,91.03999999999999,2.951464
20130719,91.03999999999999,2.896728
20130720,80.96000000000001,2.360727
20130721,84.02,2.347601
20130722,78.08000000000001,2.3483850000000004
20130723,82.03999999999999,2.456317
20130724,71.06,1.969756
20130725,75.92,1.957845
20130726,78.98,2.134293
20130727,73.94,1.749356
20130728,73.03999999999999,1.802307
20130729,73.94,1.9580229999999998
20130730,77.0,2.02507
20130731,75.02,2.0845160000000003
20130801,80.06,2.2352950000000003
20130802,75.02,2.056179
20130803,78.08000000000001,1.903684
20130804,73.94,1.724919
20130805,71.96000000000001,1.973921
20130806,80.06,2.1507840000000003
20130807,82.94,2.3345160000000003
20130808,84.02,2.556422
20130809,77.0,2.241833
20130810,80.96000000000001,2.067876
20130811,82.03999999999999,2.1068789999999997
20130812,82.03999999999999,2.45086
20130813,78.98,2.232658
20130814,69.08000000000001,1.784972
20130815,73.03999999999999,1.8608399999999998
20130816,77.0,1.971128
20130817,78.08000000000001,1.793871
20130818,71.96000000000001,1.7299390000000001
20130819,78.08000000000001,2.133679
20130820,82.03999999999999,2.249791
20130821,82.94,2.429292
20130822,82.03999999999999,2.4136170000000003
20130823,82.03999999999999,2.269092
20130824,78.98,1.998815
20130825,82.03999999999999,2.0775189999999997
20130826,84.02,2.476336
20130827,80.96000000000001,2.420873
20130828,82.94,2.285445
20130829,84.92,2.5776350000000003
20130830,86.0,2.605339
20130831,84.92,2.367975
20130901,78.98,2.005897
20130902,84.92,2.367383
20130903,71.06,1.9532909999999999
20130904,75.92,2.023831
20130905,73.94,1.9765039999999998
20130906,73.03999999999999,1.820878
20130907,78.98,1.704812
20130908,80.06,1.943339
20130909,82.03999999999999,2.2193400000000003
20130910,89.96000000000001,2.819169
20130911,87.98,2.627643
20130912,75.92,2.221656
20130913,66.02,1.847587
20130914,64.94,1.56488
20130915,69.08000000000001,1.577299
20130916,69.08000000000001,1.8375029999999999
20130917,68.0,1.776315
20130918,73.03999999999999,1.8408699999999998
20130919,75.92,2.005065
20130920,78.08000000000001,2.1067739999999997
20130921,69.08000000000001,1.7198
20130922,60.08,1.554213
20130923,57.019999999999996,1.645237
20130924,69.08000000000001,1.678021
20130925,73.94,1.739529
20130926,75.02,1.78754
20130927,73.03999999999999,1.7978669999999999
20130928,71.96000000000001,1.577925
20130929,71.96000000000001,1.683208
20130930,69.98,1.821361
20131001,75.92,1.894013
20131002,80.06,2.0635630000000003
20131003,78.08000000000001,2.043521
20131004,80.06,2.1084609999999997
20131005,80.96000000000001,1.8805589999999999
20131006,84.02,2.029292
20131007,73.94,1.720827
20131008,66.02,1.693165
20131009,69.08000000000001,1.709338
20131010,71.06,1.718366
20131011,64.94,1.696021
20131012,71.96000000000001,1.633323
20131013,71.06,1.636682
20131014,64.03999999999999,1.728605
20131015,71.06,1.7751949999999999
20131016,64.94,1.766113
20131017,60.980000000000004,1.726652
20131018,62.06,1.680818
20131019,55.040000000000006,1.574834
20131020,57.92,1.57617
20131021,64.94,1.729166
20131022,59.0,1.683048
20131023,44.06,1.765786
20131024,46.04,1.77601
20131025,44.96,1.800185
20131026,48.019999999999996,1.640904
20131027,50.0,1.649132
20131028,57.92,1.7827950000000001
20131029,57.92,1.759358
20131030,62.06,1.769013
20131031,66.92,1.7760719999999999
20131101,69.08000000000001,1.661939
20131102,55.040000000000006,1.589273
20131103,48.019999999999996,1.605498
20131104,44.96,1.828964
20131105,57.019999999999996,1.804351
20131106,71.06,1.826463
20131107,57.92,1.8474190000000001
20131108,42.980000000000004,1.786274
20131109,57.019999999999996,1.6284020000000001
20131110,53.06,1.712082
20131111,48.019999999999996,1.797409
20131112,33.98,1.9529079999999999
20131113,35.96,1.975411
20131114,48.019999999999996,1.9054570000000002
20131115,55.040000000000006,1.77766
20131116,60.08,1.596902
20131117,62.96,1.636749
20131118,60.08,1.802402
20131119,39.019999999999996,1.8753389999999999
20131120,48.019999999999996,1.8803320000000001
20131121,53.06,1.829442
20131122,53.06,1.789765
20131123,37.04,1.781248
20131124,24.08,1.9019030000000001
20131125,37.04,1.98485
20131126,35.06,1.99698
20131127,33.08,2.011811
20131128,28.94,1.747603
20131129,33.98,1.8371849999999998
20131130,39.019999999999996,1.760621
20131201,42.980000000000004,1.742517
20131202,44.96,1.8497190000000001
20131203,53.06,1.858767
20131204,57.92,1.8361310000000002
20131205,60.980000000000004,1.87921
20131206,39.019999999999996,1.970804
20131207,28.94,1.84923
20131208,30.02,1.958149
20131209,37.94,2.035355
20131210,30.02,2.1043960000000004
20131211,30.02,2.091715
20131212,21.92,2.198135
20131213,33.98,1.997048
20131214,35.06,1.938255
20131215,37.94,2.006666
20131216,24.98,2.127351
20131217,33.98,2.04847
20131218,28.94,2.085811
20131219,50.0,1.913989
20131220,55.040000000000006,1.844971
20131221,62.06,1.709501
20131222,68.0,1.6829649999999998
20131223,51.980000000000004,1.901389
20131224,30.92,1.834913
20131225,26.96,1.7143499999999998
20131226,35.96,1.9244649999999999
20131227,42.08,1.835388
20131228,50.0,1.713387
20131229,44.06,1.7668499999999998
20131230,39.92,2.032798
20131231,24.98,2.014837
20140101,33.08,1.8603599999999998
20140102,30.02,2.11775
20140103,15.079999999999998,2.123847
20140104,37.04,1.8575760000000001
20140105,44.96,1.831099
20140106,48.92,2.290051
20140107,3.9200000000000017,2.366992
20140108,23.0,2.1939189999999997
20140109,33.08,2.009042
20140110,46.04,1.90184
20140111,53.96,1.705163
20140112,37.04,1.805835
20140113,55.040000000000006,1.897037
20140114,48.019999999999996,1.9153440000000002
20140115,39.92,2.009999
20140116,32.0,2.009441
20140117,37.94,1.9107509999999999
20140118,23.0,1.955886
20140119,33.08,1.89537
20140120,35.96,2.008766
20140121,24.08,2.191139
20140122,10.940000000000001,2.280375
20140123,12.920000000000002,2.255625
20140124,17.06,2.253232
20140125,26.6,2.031012
20140126,35.96,2.024672
20140127,42.980000000000004,2.1850639999999997
20140128,6.98,2.323768
20140129,15.98,2.268678
20140130,32.0,2.165492
20140131,37.04,1.9484670000000002
20140201,51.980000000000004,1.703396
20140202,51.980000000000004,1.829926
20140203,30.92,2.009653
20140204,30.92,2.023804
20140205,33.98,2.078332
20140206,23.0,2.064933
20140207,21.02,2.0554479999999997
20140208,21.92,1.933249
20140209,28.04,1.9660909999999998
20140210,21.02,2.1471810000000002
20140211,21.02,2.149179
20140212,28.04,2.1396610000000003
20140213,30.92,2.0695010000000003
20140214,33.98,1.9823060000000001
20140215,26.96,1.916412
20140216,26.060000000000002,1.948404
20140217,32.0,2.0941170000000002
20140218,44.96,1.942809
20140219,50.0,1.917751
20140220,53.96,1.8996659999999999
20140221,55.040000000000006,1.8327950000000002
20140222,51.980000000000004,1.647079
20140223,42.08,1.727505
20140224,32.0,2.000508
20140225,26.060000000000002,2.060524
20140226,24.08,2.081054
20140227,21.02,2.190279
20140228,26.060000000000002,2.129257
20140301,46.94,1.755962
20140302,39.92,1.9279519999999999
20140303,19.04,2.1154430000000004
20140304,33.08,2.029541
20140305,30.92,2.048799
20140306,37.04,1.99375
20140307,53.06,1.859087
20140308,51.08,1.6900609999999998
20140309,39.92,1.7593910000000001
20140310,57.019999999999996,1.83454
20140311,66.02,1.714641
20140312,51.08,1.948191
20140313,26.060000000000002,2.052001
20140314,59.0,1.888876
20140315,55.040000000000006,1.635361
20140316,32.0,1.832692
20140317,35.96,1.925605
20140318,51.08,1.845144
20140319,53.06,1.805525
20140320,46.94,1.881248
20140321,44.96,1.902386
20140322,53.96,1.608509
20140323,35.96,1.798904
20140324,33.08,1.915511
20140325,37.94,1.8791710000000001
20140326,28.04,1.9492829999999999
20140327,53.96,1.900847
20140328,60.980000000000004,1.7504179999999998
20140329,53.96,1.612692
20140330,46.94,1.705489
20140331,60.980000000000004,1.8509120000000001
20140401,77.0,1.73398
20140402,62.06,1.6450930000000001
20140403,59.0,1.717725
20140404,64.94,1.750729
20140405,44.06,1.607942
20140406,55.040000000000006,1.5490840000000001
20140407,53.06,1.742172
20140408,59.0,1.7635889999999999
20140409,57.019999999999996,1.71397
20140410,71.06,1.742433
20140411,66.02,1.764037
20140412,73.03999999999999,1.462401
20140413,82.03999999999999,1.582215
20140414,73.94,1.75423
20140415,64.03999999999999,1.805241
20140416,42.980000000000004,1.783915
20140417,62.96,1.693711
20140418,66.92,1.570116
20140419,64.03999999999999,1.4570509999999999
20140420,71.96000000000001,1.456119
20140421,78.08000000000001,1.7277
20140422,69.08000000000001,1.713275
20140423,48.92,1.687654
20140424,59.0,1.68042
20140425,62.96,1.683989
20140426,69.08000000000001,1.4356300000000002
20140427,62.96,1.436771
20140428,57.92,1.6036890000000001
20140429,59.0,1.664752
20140430,59.0,1.682036
20140501,59.0,1.607637
20140502,55.040000000000006,1.619599
20140503,60.08,1.420874
20140504,62.06,1.453857
20140505,57.92,1.635394
20140506,68.0,1.654154
20140507,73.03999999999999,1.636032
20140508,84.02,1.842991
20140509,82.94,1.973445
20140510,68.0,1.57238
20140511,73.03999999999999,1.560647
20140512,75.92,1.890548
20140513,87.08000000000001,2.275717
20140514,82.94,2.242159
20140515,69.08000000000001,1.8573330000000001
20140516,57.019999999999996,1.583205
20140517,53.96,1.4072049999999998
20140518,62.06,1.442915
20140519,69.98,1.68098
20140520,73.94,1.646609
20140521,73.03999999999999,1.824447
20140522,78.08000000000001,1.948056
20140523,64.03999999999999,1.683898
20140524,75.02,1.524934
20140525,78.08000000000001,1.535143
20140526,82.94,1.801353
20140527,80.96000000000001,2.126121
20140528,80.06,2.194333
20140529,78.08000000000001,2.03821
20140530,77.0,1.963314
20140531,78.08000000000001,1.8080640000000001
20140601,82.03999999999999,1.921857
20140602,78.08000000000001,2.169264
20140603,82.94,2.383676
20140604,73.94,2.049232
20140605,69.08000000000001,1.835046
20140606,75.02,1.810486
20140607,78.98,1.844504
20140608,78.08000000000001,1.858288
20140609,68.0,1.808444
20140610,73.94,1.8953689999999999
20140611,80.06,2.2340109999999997
20140612,80.06,2.1615680000000004
20140613,77.0,2.1223020000000004
20140614,71.06,1.5770170000000001
20140615,80.96000000000001,1.807598
20140616,84.92,2.365716
20140617,87.98,2.566529
20140618,87.98,2.6467910000000003
20140619,75.02,2.098433
20140620,80.06,2.2156219999999998
20140621,73.94,1.7541300000000002
20140622,80.96000000000001,1.9485219999999999
20140623,84.92,2.429384
20140624,86.0,2.596706
20140625,77.0,2.206785
20140626,78.98,2.2687150000000003
20140627,84.92,2.4195450000000003
20140628,87.08000000000001,2.404048
20140629,82.94,2.257476
20140630,84.92,2.622871
20140701,87.08000000000001,2.6926669999999997
20140702,84.92,2.625816
20140703,80.06,2.347918
20140704,73.94,1.682488
20140705,77.0,1.753359
20140706,80.06,1.72162
20140707,84.02,2.348313
20140708,80.96000000000001,2.3112199999999996
20140709,80.96000000000001,2.325971
20140710,80.96000000000001,2.294977
20140711,84.02,2.341862
20140712,84.92,2.2447559999999998
20140713,82.94,2.223389
20140714,80.06,2.281725
20140715,78.08000000000001,2.225142
20140716,71.06,1.9368910000000001
20140717,75.02,1.870274
20140718,75.92,1.944059
20140719,68.0,1.607637
20140720,80.06,1.897003
20140721,84.92,2.447256
20140722,87.08000000000001,2.647563
20140723,84.02,2.645592
20140724,75.92,2.092921
20140725,78.08000000000001,1.994836
20140726,82.94,2.080173
20140727,82.03999999999999,2.057938
20140728,69.08000000000001,1.870192
20140729,66.92,1.697293
20140730,71.96000000000001,1.7885170000000001
20140731,77.0,1.9876530000000001
20140801,82.03999999999999,2.18778
20140802,80.06,2.028181
20140803,75.02,1.783725
20140804,80.96000000000001,2.2537350000000003
20140805,80.06,2.2893890000000003
20140806,78.98,2.215613
20140807,78.08000000000001,2.125053
20140808,78.98,2.064646
20140809,82.03999999999999,2.019904
20140810,84.02,2.13
20140811,73.03999999999999,1.9509770000000002
20140812,80.06,2.1787959999999997
20140813,71.96000000000001,1.884216
20140814,71.06,1.837
20140815,69.98,1.697193
20140816,75.92,1.649942
20140817,77.0,1.8858199999999998
20140818,82.03999999999999,2.295221
20140819,84.02,2.482174
20140820,80.06,2.363871
20140821,77.0,2.28623
20140822,80.96000000000001,2.381116
20140823,80.96000000000001,2.2100410000000004
20140824,78.98,2.1165990000000003
20140825,78.98,2.330295
20140826,82.03999999999999,2.45548
20140827,84.02,2.6105270000000003
20140828,73.94,2.079526
20140829,78.08000000000001,2.015389
20140830,87.08000000000001,2.2371260000000004
20140831,75.92,1.869159
20140901,82.94,2.346416
20140902,80.96000000000001,2.399024
20140903,80.96000000000001,2.336095
20140904,84.02,2.54831
20140905,86.0,2.590589
20140906,78.98,2.191799
20140907,73.03999999999999,1.728796
20140908,77.0,1.962594
20140909,78.08000000000001,2.1309560000000003
20140910,82.03999999999999,2.308448
20140911,75.92,2.072022
20140912,60.980000000000004,1.691932
20140913,64.03999999999999,1.469699
20140914,64.03999999999999,1.47103
20140915,66.92,1.6104949999999998
20140916,66.02,1.6400599999999999
20140917,68.0,1.660561
20140918,69.08000000000001,1.691811
20140919,73.94,1.708798
20140920,77.0,1.69069
20140921,78.98,1.7158930000000001
20140922,57.019999999999996,1.629087
20140923,68.0,1.642133
20140924,75.02,1.704288
20140925,73.94,1.775077
20140926,78.08000000000001,1.796404
20140927,77.0,1.561213
20140928,73.03999999999999,1.528155
20140929,78.98,1.7776869999999998
20140930,69.08000000000001,1.6675060000000002
20141001,66.02,1.631309
20141002,75.92,1.751043
20141003,75.02,1.7453940000000001
20141004,59.0,1.442761
20141005,51.980000000000004,1.4498019999999998
20141006,64.94,1.624616
20141007,64.94,1.636687
20141008,62.96,1.614001
20141009,60.08,1.648488
20141010,57.92,1.6145999999999998
20141011,59.0,1.448329
20141012,64.03999999999999,1.4409269999999998
20141013,71.96000000000001,1.710884
20141014,78.98,1.7989359999999999
20141015,64.03999999999999,1.664745
20141016,59.0,1.6571300000000002
20141017,69.08000000000001,1.652202
20141018,62.96,1.48556
20141019,53.06,1.518224
20141020,57.019999999999996,1.644127
20141021,53.96,1.67171
20141022,50.0,1.712062
20141023,60.08,1.652097
20141024,60.08,1.637833
20141025,66.02,1.489344
20141026,60.980000000000004,1.46277
20141027,71.96000000000001,1.662281
20141028,75.92,1.748803
20141029,55.94,1.651142
20141030,48.019999999999996,1.664949
20141031,46.04,1.6296659999999998
20141101,44.06,1.556716
20141102,46.04,1.547881
20141103,55.94,1.688412
20141104,66.02,1.690464
20141105,59.0,1.71793
20141106,50.0,1.7359749999999998
20141107,44.96,1.75924
20141108,48.92,1.5708199999999999
20141109,48.92,1.5587529999999998
20141110,64.03999999999999,1.6583189999999999
20141111,69.08000000000001,1.626419
20141112,60.980000000000004,1.779032
20141113,35.96,1.9086079999999999
20141114,33.08,1.862425
20141115,35.06,1.6792539999999998
20141116,39.019999999999996,1.694239
20141117,35.96,1.958507
20141118,19.939999999999998,2.057907
20141119,37.04,1.9895429999999998
20141120,37.04,2.004413
20141121,26.96,1.960859
20141122,50.0,1.778858
20141123,62.96,1.625905
20141124,68.0,1.654385
20141125,46.94,1.7323
20141126,33.08,1.8326600000000002
20141127,33.98,1.553997
20141128,28.94,1.782295
20141129,48.019999999999996,1.619423
20141130,62.06,1.526041
20141201,62.06,1.843435
20141202,39.92,1.949413
20141203,41.0,1.920731
20141204,35.06,1.953729
20141205,42.08,1.88349
20141206,42.08,1.7587819999999998
20141207,39.92,1.797779
20141208,39.92,1.9656120000000001
20141209,44.96,1.920173
20141210,37.04,2.004285
20141211,33.08,2.046981
20141212,30.92,1.965109
20141213,35.96,1.8254249999999999
20141214,44.06,1.7312619999999999
20141215,48.019999999999996,1.846493
20141216,53.06,1.879108
20141217,42.08,1.987184
20141218,28.94,2.022025
20141219,30.92,1.922235
20141220,30.92,1.8022159999999998
20141221,33.08,1.813286
20141222,44.96,1.8411769999999998
20141223,53.06,1.721616
20141224,60.08,1.5620150000000002
20141225,42.08,1.50334
20141226,48.92,1.670694
20141227,57.019999999999996,1.5952570000000001
20141228,46.04,1.704356
20141229,35.96,1.869509
20141230,30.92,1.922846
20141231,24.98,1.964051
20150101,35.06,1.736065
20150102,35.96,1.831672
20150103,57.92,1.714934
20150104,60.08,1.628577
20150105,32.0,2.045394
20150106,19.939999999999998,2.122799
20150107,15.079999999999998,2.243265
20150108,15.98,2.2409749999999997
20150109,21.02,2.128072
20150110,15.98,1.9797339999999999
20150111,37.04,1.848006
20150112,35.96,1.9547729999999999
20150113,26.060000000000002,2.050525
20150114,24.08,2.053841
20150115,30.02,1.996889
20150116,33.08,1.938242
20150117,50.0,1.688093
20150118,44.96,1.6824590000000001
20150119,37.94,1.846124
20150120,33.98,1.940944
20150121,35.06,1.958137
20150122,33.98,1.9629
20150123,33.98,1.89226
20150124,30.92,1.7430530000000002
20150125,35.06,1.747487
20150126,28.94,1.957972
20150127,21.92,2.104436
20150128,24.08,2.025296
20150129,37.94,2.040911
20150130,30.92,2.0329
20150131,28.04,1.827758
20150201,35.96,1.7790599999999999
20150202,39.019999999999996,2.0927379999999998
20150203,26.060000000000002,2.046704
20150204,42.08,1.919818
20150205,24.98,2.105683
20150206,28.04,2.060245
20150207,46.04,1.727011
20150208,53.06,1.6181189999999999
20150209,44.06,1.9443119999999998
20150210,30.92,1.937798
20150211,37.04,1.934597
20150212,33.08,2.11002
20150213,19.04,2.105359
20150214,28.04,1.981781
20150215,5.0,2.061238
20150216,10.04,2.208835
20150217,19.939999999999998,2.094238
20150218,19.939999999999998,2.2203180000000002
20150219,6.079999999999998,2.314347
20150220,10.940000000000001,2.244704
20150221,33.98,1.924774
20150222,33.08,1.805223
20150223,21.92,2.1225970000000003
20150224,26.060000000000002,2.130849
20150225,33.08,1.998442
20150226,21.02,2.086202
20150227,17.06,2.065648
20150228,24.98,1.839992
20150301,33.98,1.798751
20150302,33.08,1.94199
20150303,48.92,1.957423
20150304,44.06,1.959039
20150305,28.04,2.122452
20150306,23.0,2.071264
20150307,39.92,1.787719
20150308,44.96,1.620028
20150309,51.980000000000004,1.667914
20150310,44.96,1.722883
20150311,42.980000000000004,1.71556
20150312,50.0,1.782731
20150313,57.92,1.7180630000000001
20150314,55.040000000000006,1.5465730000000002
20150315,46.04,1.555215
20150316,66.02,1.677762
20150317,57.92,1.748387
20150318,44.06,1.782923
20150319,46.04,1.765704
20150320,42.08,1.762908
20150321,55.040000000000006,1.51523
20150322,39.92,1.552229
20150323,37.94,1.74847
20150324,46.94,1.709835
20150325,69.08000000000001,1.7320280000000001
20150326,48.92,1.704423
20150327,37.04,1.754021
20150328,28.94,1.730319
20150329,44.96,1.52113
20150330,51.980000000000004,1.603353
20150331,59.0,1.644422
20150401,57.92,1.635337
20150402,69.08000000000001,1.562928
20150403,62.96,1.433312
20150404,48.019999999999996,1.3961130000000002
20150405,62.96,1.3224939999999998
20150406,68.0,1.537137
20150407,62.06,1.547973
20150408,69.98,1.635943
20150409,75.92,1.661411
20150410,66.92,1.646491
20150411,55.94,1.3362100000000001
20150412,68.0,1.374208
20150413,80.06,1.626463
20150414,62.96,1.575199
20150415,66.02,1.583408
20150416,60.08,1.593277
20150417,71.06,1.6199059999999998
20150418,77.0,1.428142
20150419,71.06,1.33602
20150420,73.03999999999999,1.5946150000000001
20150421,57.019999999999996,1.566106
20150422,53.96,1.641716
20150423,44.06,1.660344
20150424,55.94,1.624972
20150425,53.06,1.417332
20150426,57.92,1.3414949999999999
20150427,48.019999999999996,1.5321690000000001
20150428,62.96,1.558402
20150429,69.08000000000001,1.602172
20150430,59.0,1.566663
20150501,68.0,1.5819239999999999
20150502,71.96000000000001,1.4011010000000002
20150503,77.0,1.4305350000000001
20150504,80.96000000000001,1.7758530000000001
20150505,73.94,1.7673510000000001
20150506,82.94,1.982666
20150507,84.92,2.0730560000000002
20150508,87.08000000000001,2.217641
20150509,87.08000000000001,2.162773
20150510,87.08000000000001,2.1923209999999997
20150511,87.08000000000001,2.5211439999999996
20150512,71.96000000000001,1.906833
20150513,53.96,1.562275
20150514,68.0,1.6285889999999998
20150515,78.98,1.759205
20150516,77.0,1.7087970000000001
20150517,78.98,1.90054
20150518,82.03999999999999,2.330187
20150519,75.92,2.105933
20150520,55.040000000000006,1.643864
20150521,53.96,1.6821700000000002
20150522,68.0,1.6450879999999999
20150523,71.96000000000001,1.435752
20150524,80.06,1.544351
20150525,82.03999999999999,1.954169
20150526,80.06,2.2164360000000003
20150527,80.96000000000001,2.227097
20150528,80.06,2.2319009999999997
20150529,86.0,2.3319029999999996
20150530,82.03999999999999,2.100737
20150531,82.94,2.059034
20150601,60.08,1.640036
20150602,62.96,1.663211
20150603,71.06,1.7283810000000002
20150604,77.0,1.921615
20150605,82.03999999999999,2.153111
20150606,75.02,1.717011
20150607,84.02,1.936838
20150608,78.98,2.202273
20150609,75.02,1.967314
20150610,86.0,2.381218
20150611,89.06,2.6241790000000003
20150612,89.96000000000001,2.628339
20150613,82.94,2.271005
20150614,84.92,2.272547
20150615,82.94,2.523167
20150616,80.96000000000001,2.379714
20150617,71.96000000000001,1.9345830000000002
20150618,84.02,2.391154
20150619,77.0,2.160462
20150620,75.92,1.88341
20150621,84.02,2.1843000000000004
20150622,84.92,2.478288
20150623,82.94,2.491678
20150624,78.98,2.191245
20150625,75.02,1.98977
20150626,80.96000000000001,2.150284
20150627,75.02,1.732507
20150628,66.02,1.496912
20150629,75.02,1.8128499999999999
20150630,77.0,1.976691
20150701,75.02,1.931366
20150702,77.0,1.952524
20150703,78.98,2.079788
20150704,80.06,1.87181
20150705,82.03999999999999,1.940171
20150706,80.96000000000001,2.268982
20150707,84.92,2.525224
20150708,73.03999999999999,1.998693
20150709,80.96000000000001,2.2952890000000004
20150710,73.03999999999999,1.9262439999999998
20150711,82.03999999999999,2.017319
20150712,78.98,1.862727
20150713,80.06,2.335324
20150714,80.06,2.352495
20150715,75.02,2.1481689999999998
20150716,78.98,2.0734679999999996
20150717,82.94,2.2224340000000002
20150718,87.08000000000001,2.469078
20150719,87.98,2.513443
20150720,84.92,2.584383
20150721,82.94,2.520451
20150722,77.0,2.096822
20150723,80.96000000000001,2.246125
20150724,84.92,2.332341
20150725,86.0,2.300257
20150726,84.92,2.328223
20150727,89.06,2.645959
20150728,91.03999999999999,2.7006219999999996
20150729,91.03999999999999,2.804025
20150730,87.08000000000001,2.690799
20150731,86.0,2.4560410000000004
20150801,82.03999999999999,2.147138
20150802,86.0,2.273214
20150803,82.03999999999999,2.3513249999999997
20150804,82.03999999999999,2.3309119999999997
20150805,78.98,2.24733
20150806,71.06,1.841214
20150807,77.0,1.954283
20150808,82.94,2.0539989999999997
20150809,84.02,2.243651
20150810,84.02,2.399289
20150811,80.96000000000001,2.350679
20150812,78.08000000000001,2.093002
20150813,78.08000000000001,2.0171669999999997
20150814,86.0,2.308134
20150815,86.0,2.327209
20150816,87.98,2.460035
20150817,89.06,2.684968
20150818,80.06,2.272124
20150819,87.98,2.682801
20150820,80.06,2.405799
20150821,77.0,2.130744
20150822,78.98,1.90429
20150823,82.03999999999999,2.075228
20150824,78.08000000000001,2.184964
20150825,69.98,1.79617
20150826,68.0,1.68263
20150827,69.98,1.7547080000000002
20150828,78.98,1.969552
20150829,82.94,2.018036
20150830,82.03999999999999,2.2262370000000002
20150831,87.98,2.593315
20150901,89.06,2.651447
20150902,89.96000000000001,2.6463850000000004
20150903,89.06,2.58646
20150904,87.98,2.629973
20150905,86.0,2.392171
20150906,87.98,2.293421
20150907,89.96000000000001,2.4717779999999996
20150908,91.03999999999999,2.735081
20150909,87.98,2.646946
20150910,73.94,1.9240760000000001
20150911,80.06,2.06506
20150912,66.92,1.550725
20150913,62.96,1.425537
20150914,73.03999999999999,1.67974
20150915,78.98,1.850538
20150916,82.03999999999999,2.04616
20150917,82.94,2.1254470000000003
20150918,82.94,2.146952
20150919,82.03999999999999,1.997445
20150920,71.96000000000001,1.586655
20150921,73.03999999999999,1.7429700000000001
20150922,75.02,1.844319
20150923,78.98,1.9048040000000002
20150924,80.06,1.943293
20150925,77.0,1.85203
20150926,75.02,1.592066
20150927,75.02,1.6132360000000001
20150928,71.96000000000001,1.8092190000000001
20150929,69.98,1.814234
20150930,64.03999999999999,1.6695470000000001
20151001,64.94,1.596352
20151002,55.040000000000006,1.548221
20151003,51.980000000000004,1.427664
20151004,64.03999999999999,1.4302000000000001
20151005,71.06,1.568073
20151006,75.02,1.65906
20151007,71.06,1.638354
20151008,75.02,1.689636
20151009,69.98,1.6791179999999999
20151010,62.96,1.427211
20151011,69.08000000000001,1.418797
20151012,73.94,1.6204649999999998
20151013,62.96,1.655587
20151014,57.019999999999996,1.600621
20151015,62.96,1.592117
20151016,55.040000000000006,1.5361310000000001
20151017,44.06,1.468985
20151018,44.06,1.4845519999999999
20151019,59.0,1.589065
20151020,69.98,1.575732
20151021,71.06,1.5816890000000001
20151022,69.08000000000001,1.627454
20151023,64.03999999999999,1.5312329999999998
20151024,66.02,1.417031
20151025,62.06,1.4056110000000002
20151026,57.019999999999996,1.575975
20151027,57.92,1.5924909999999999
20151028,64.03999999999999,1.636463
20151029,62.06,1.533784
20151030,48.019999999999996,1.573045
20151031,55.040000000000006,1.4383979999999998
20151101,64.94,1.47622
20151102,66.92,1.593055
20151103,73.03999999999999,1.612816
20151104,75.92,1.676597
20151105,75.92,1.693497
20151106,69.08000000000001,1.697581
20151107,53.96,1.437001
20151108,51.980000000000004,1.469071
20151109,55.94,1.6544729999999999
20151110,53.96,1.655325
20151111,51.980000000000004,1.6460299999999999
20151112,64.94,1.674051
20151113,50.0,1.6743789999999998
20151114,46.04,1.520671
20151115,62.06,1.490704
20151116,62.06,1.61205
20151117,64.03999999999999,1.6481400000000002
20151118,64.03999999999999,1.6377460000000001
20151119,62.96,1.637503
20151120,48.019999999999996,1.636366
20151121,55.94,1.531665
20151122,39.019999999999996,1.651233
20151123,35.96,1.783646
20151124,46.04,1.7187629999999998
20151125,57.019999999999996,1.6859570000000001
20151126,64.03999999999999,1.386692
20151127,64.03999999999999,1.48172
20151128,59.0,1.524159
20151129,39.92,1.614234
20151130,44.96,1.748994
20151201,57.019999999999996,1.71289
20151202,48.92,1.68622
20151203,39.019999999999996,1.803145
20151204,46.04,1.685213
20151205,46.94,1.634174
20151206,46.04,1.664273
20151207,46.94,1.800558
20151208,46.04,1.783898
20151209,55.94,1.731836
20151210,55.040000000000006,1.725009
20151211,60.980000000000004,1.689721
20151212,68.0,1.551153
20151213,64.03999999999999,1.568967
20151214,62.96,1.740645
20151215,51.08,1.744945
20151216,55.94,1.702857
20151217,53.06,1.739257
20151218,33.98,1.840071
20151219,32.0,1.771082
20151220,39.92,1.731123
20151221,51.08,1.7760440000000002
20151222,60.980000000000004,1.7010139999999998
20151223,62.96,1.672701
20151224,62.96,1.454028
20151225,55.94,1.374554
20151226,55.94,1.494981
20151227,66.02,1.566046
20151228,41.0,1.8021340000000001
20151229,51.980000000000004,1.713649
20151230,48.019999999999996,1.69472
20151231,41.0,1.707659
20160101,35.06,1.623065
20160102,35.06,1.684877
20160103,33.98,1.7470219999999999
20160104,28.04,1.95274
20160105,26.060000000000002,1.9703979999999999
20160106,41.0,1.914327
20160107,46.04,1.812655
20160108,39.92,1.797217
20160109,53.96,1.600211
20160110,46.94,1.753343
20160111,21.02,1.9484659999999998
20160112,30.02,2.023173
20160113,17.06,2.037149
20160114,42.08,1.824143
20160115,48.92,1.7145029999999999
20160116,41.0,1.711125
20160117,30.02,1.763632
20160118,12.02,2.072121
20160119,17.96,2.059627
20160120,19.04,2.021894
20160121,21.92,1.989194
20160122,21.92,1.981282
20160123,28.94,1.870358
20160124,28.04,1.820807
20160125,44.06,1.8329369999999998
20160126,50.0,1.804615
20160127,32.0,1.889165
20160128,42.08,1.843939
20160129,35.96,1.868032
20160130,55.040000000000006,1.612318
20160131,60.980000000000004,1.494435
20160201,60.08,1.6593959999999999
20160202,50.0,1.693904
20160203,62.06,1.627823
20160204,41.0,1.7463019999999998
20160205,35.96,1.720633
20160206,42.08,1.582338
20160207,50.0,1.558794
20160208,42.980000000000004,1.7149
20160209,32.0,1.8420999999999998
20160210,24.08,1.941436
20160211,17.06,1.983727
20160212,19.939999999999998,1.95265
20160213,15.98,1.94833
20160214,17.06,1.859796
20160215,33.98,1.8723830000000001
20160216,35.06,1.861998
20160217,33.98,1.864531
20160218,32.0,1.840971
20160219,59.0,1.7680740000000001
20160220,66.92,1.452168
20160221,53.96,1.53067
20160222,48.019999999999996,1.6202539999999999
20160223,51.980000000000004,1.622241
20160224,60.980000000000004,1.631652
20160225,46.04,1.792009
20160226,30.92,1.772376
20160227,41.0,1.60625
20160228,62.96,1.479991
20160229,59.0,1.650905
20160301,64.94,1.605127
20160302,39.92,1.794716
20160303,33.98,1.7606300000000001
20160304,33.08,1.727117
20160305,41.0,1.551044
20160306,39.92,1.5808740000000001
20160307,66.02,1.564201
20160308,71.06,1.537569
20160309,73.94,1.565254
20160310,62.96,1.5729570000000002
20160311,55.040000000000006,1.532799
20160312,68.0,1.399834
20160313,57.92,1.440869
20160314,71.06,1.524009
20160315,59.0,1.540835
20160316,68.0,1.551248
20160317,59.0,1.55123
20160318,59.0,1.514274
20160319,39.92,1.459182
20160320,37.04,1.552223
20160321,42.980000000000004,1.640263
20160322,60.08,1.628528
20160323,66.92,1.560028
20160324,73.94,1.525161
20160325,59.0,1.486442
20160326,57.92,1.400634
20160327,75.92,1.3245060000000002
20160328,60.980000000000004,1.54318
20160329,51.980000000000004,1.576953
20160330,69.08000000000001,1.5581489999999998
20160331,71.96000000000001,1.558739
20160401,68.0,1.5216010000000002
20160402,50.0,1.461349
20160403,48.92,1.4501220000000001
20160404,55.040000000000006,1.6225319999999999
20160405,42.08,1.6533140000000002
20160406,66.92,1.61619
20160407,55.040000000000006,1.5494700000000001
20160408,46.04,1.611022
20160409,35.06,1.548151
20160410,48.019999999999996,1.531952
20160411,64.03999999999999,1.554576
20160412,50.0,1.529907
20160413,55.94,1.588642
20160414,66.02,1.531558
20160415,69.98,1.5189970000000002
20160416,73.94,1.377519
20160417,80.96000000000001,1.4663869999999999
20160418,80.06,1.641429
20160419,71.96000000000001,1.6072
20160420,73.03999999999999,1.555698
20160421,75.02,1.582433
20160422,68.0,1.582347
20160423,60.08,1.351717
20160424,69.98,1.3533309999999998
20160425,78.98,1.630263
20160426,75.02,1.663913
20160427,66.92,1.5048679999999999
20160428,55.94,1.513445
20160429,57.019999999999996,1.506543
20160430,66.02,1.3755119999999998
20160501,73.03999999999999,1.418096
20160502,66.92,1.5485470000000001
20160503,62.06,1.499719
20160504,62.06,1.519607
20160505,62.96,1.499491
20160506,69.08000000000001,1.500544
20160507,71.96000000000001,1.34792
20160508,64.94,1.326036
20160509,55.94,1.4810969999999999
20160510,68.0,1.5283209999999998
20160511,71.96000000000001,1.579374
20160512,78.08000000000001,1.713333
20160513,69.98,1.600432
20160514,57.019999999999996,1.35429
20160515,48.92,1.3684990000000001
20160516,62.96,1.4953640000000001
20160517,60.980000000000004,1.4790519999999998
20160518,59.0,1.5054770000000002
20160519,69.08000000000001,1.559066
20160520,73.03999999999999,1.581344
20160521,64.03999999999999,1.397495
20160522,66.02,1.3650579999999999
20160523,78.98,1.620454
20160524,80.06,1.7229590000000001
20160525,82.03999999999999,1.878204
20160526,80.06,2.0774589999999997
20160527,87.08000000000001,2.280701
20160528,87.98,2.2660169999999997
20160529,80.96000000000001,1.918
20160530,82.94,2.014399
20160531,87.08000000000001,2.2890520000000003
20160601,87.98,2.4391950000000002
20160602,82.03999999999999,2.271809
20160603,82.94,2.272115
20160604,80.06,1.909597
20160605,75.02,1.764453
20160606,80.06,2.018798
20160607,71.06,1.786815
20160608,66.02,1.543565
20160609,71.96000000000001,1.648907
20160610,80.96000000000001,1.907576
20160611,89.96000000000001,2.317494
20160612,80.06,1.829542
20160613,75.92,1.836155
20160614,78.98,1.93321
20160615,86.0,2.273911
20160616,77.0,2.022914
20160617,80.96000000000001,2.1320419999999998
20160618,84.02,2.09874
20160619,84.02,2.133432
20160620,87.08000000000001,2.50883
20160621,84.02,2.404243
20160622,80.06,2.12444
20160623,71.96000000000001,1.879601
20160624,82.94,2.2109929999999998
20160625,86.0,2.253641
20160626,91.03999999999999,2.4136770000000003
20160627,87.98,2.610747
20160628,82.03999999999999,2.369346
20160629,73.03999999999999,1.82389
20160630,78.98,1.986968
20160701,80.06,2.0166500000000003
20160702,71.96000000000001,1.554605
20160703,73.94,1.516837
20160704,75.02,1.648708
20160705,84.92,2.327334
20160706,87.08000000000001,2.478392
20160707,86.0,2.443774
20160708,86.0,2.430894
20160709,82.03999999999999,2.129388
20160710,82.94,2.048079
20160711,86.0,2.355677
20160712,89.06,2.632171
20160713,87.98,2.6468760000000002
20160714,87.08000000000001,2.5935590000000004
20160715,84.92,2.415311
20160716,82.94,2.1856269999999998
20160717,84.92,2.281384
20160718,84.92,2.529283
20160719,86.0,2.451503
20160720,84.02,2.3438470000000002
20160721,89.96000000000001,2.5506390000000003
20160722,87.98,2.526696
20160723,89.96000000000001,2.495294
20160724,89.96000000000001,2.526219
20160725,93.02,2.766873
20160726,87.98,2.6487109999999996
20160727,89.06,2.662199
20160728,75.92,2.12711
20160729,84.02,2.429544
20160730,80.06,1.9907650000000001
20160731,84.92,2.320906
20160801,87.08000000000001,2.572801
20160802,87.08000000000001,2.526274
20160803,86.0,2.586817
20160804,82.94,2.41284
20160805,84.92,2.59522
20160806,82.94,2.244053
20160807,84.02,2.1607570000000003
20160808,84.02,2.384798
20160809,87.98,2.567611
20160810,86.0,2.7447719999999998
20160811,89.96000000000001,2.796499
20160812,89.96000000000001,2.683616
20160813,89.06,2.530877
20160814,80.06,2.129795
20160815,80.06,2.2720279999999997
20160816,87.98,2.648401
20160817,75.92,2.1057449999999998
20160818,84.02,2.4527579999999998
20160819,84.92,2.4317420000000003
20160820,84.92,2.394278
20160821,77.0,1.944684
20160822,75.92,1.9994880000000002
20160823,78.98,2.1669169999999998
20160824,84.02,2.382649
20160825,87.08000000000001,2.678831
20160826,87.08000000000001,2.6075169999999996
20160827,87.98,2.485344
20160828,87.98,2.616746
20160829,86.0,2.5289479999999998
20160830,87.08000000000001,2.430253
20160831,84.92,2.1150900000000004
20160901,78.08000000000001,2.017139
20160902,75.92,1.869038
20160903,78.08000000000001,1.738116
20160904,80.96000000000001,1.849262
20160905,84.02,2.078642
20160906,87.08000000000001,2.463129
20160907,87.08000000000001,2.637221
20160908,87.08000000000001,2.6145859999999996
20160909,78.98,2.2513110000000003
20160910,87.98,2.430413
20160911,73.94,1.808705
20160912,78.08000000000001,2.024727
20160913,82.94,2.216603
20160914,80.06,2.1182489999999996
20160915,73.94,1.841949
20160916,80.96000000000001,2.049011
20160917,80.06,1.8787429999999998
20160918,75.02,1.781242
20160919,82.03999999999999,2.147156
20160920,84.02,2.2335760000000002
20160921,84.92,2.268823
20160922,86.0,2.32048
20160923,87.08000000000001,2.380208
20160924,73.94,1.6996120000000001
20160925,75.92,1.594374
20160926,77.0,1.805696
20160927,71.06,1.6504400000000001
20160928,73.94,1.674482
20160929,66.92,1.653931
20160930,64.03999999999999,1.598676
20161001,69.08000000000001,1.4694770000000001
20161002,66.02,1.458864
20161003,69.08000000000001,1.624461
20161004,73.03999999999999,1.6821780000000002
20161005,71.06,1.652383
20161006,75.02,1.6871489999999998
20161007,73.94,1.6900719999999998
20161008,62.96,1.4392660000000002
20161009,60.08,1.393718
20161010,60.980000000000004,1.505172
20161011,64.03999999999999,1.5217960000000001
20161012,73.03999999999999,1.575868
20161013,62.96,1.538852
20161014,60.980000000000004,1.515894
20161015,73.94,1.446529
20161016,77.0,1.511066
20161017,78.08000000000001,1.753961
20161018,78.98,1.81254
20161019,75.02,1.850134
20161020,77.0,1.86066
20161021,60.980000000000004,1.599153
20161022,46.94,1.4773859999999999
20161023,64.03999999999999,1.476876
20161024,60.980000000000004,1.573445
20161025,53.06,1.566951
20161026,46.94,1.598466
20161027,60.08,1.585397
20161028,53.06,1.533077
20161029,75.02,1.449461
20161030,71.06,1.451466
20161031,51.980000000000004,1.519971
20161101,75.92,1.604191
20161102,78.08000000000001,1.627872
20161103,68.0,1.592884
20161104,57.019999999999996,1.483632
20161105,62.06,1.376423
20161106,64.03999999999999,1.412795
20161107,68.0,1.5595029999999999
20161108,66.02,1.577453
20161109,53.06,1.60333
20161110,57.92,1.560832
20161111,55.94,1.5305360000000001
20161112,48.019999999999996,1.481624
20161113,55.040000000000006,1.50148
20161114,57.019999999999996,1.622308
20161115,59.0,1.601108
20161116,55.94,1.574712
20161117,60.980000000000004,1.596673
20161118,73.94,1.56206
20161119,60.08,1.5547
20161120,33.08,1.670966
20161121,35.06,1.777129
20161122,37.94,1.751708
20161123,44.96,1.6851530000000001
20161124,51.08,1.472551
20161125,46.04,1.530537
20161126,44.06,1.555431
20161127,44.96,1.587975
20161128,51.980000000000004,1.705922
20161129,62.96,1.6351600000000002
20161130,60.08,1.6823219999999999
20161201,48.019999999999996,1.756972
20161202,41.0,1.744612
20161203,39.019999999999996,1.654775
20161204,42.08,1.6538
20161205,42.980000000000004,1.747031
20161206,42.980000000000004,1.791722
20161207,44.06,1.758635
20161208,35.06,1.890758
20161209,26.96,1.8940730000000001
20161210,28.04,1.806338
20161211,35.06,1.815386
20161212,42.980000000000004,1.852884
20161213,33.08,1.903979
20161214,30.92,1.94868
20161215,19.04,2.118878
20161216,21.02,2.049672
20161217,60.08,1.7510709999999998
20161218,62.06,1.83474
20161219,26.060000000000002,1.974482
20161220,35.96,1.914138
20161221,35.96,1.858997
20161222,41.0,1.8263699999999998
20161223,37.94,1.745733
20161224,46.94,1.589845
20161225,39.019999999999996,1.49711
20161226,64.94,1.602215
20161227,64.94,1.696877
20161228,41.0,1.7405350000000002
20161229,39.019999999999996,1.7678209999999999
20161230,30.92,1.8057070000000002
20161231,42.980000000000004,1.713774
20170101,44.06,1.5722049999999999
20170102,46.94,1.6375920000000002
20170103,48.92,1.703666
20170104,42.980000000000004,1.884594
20170105,21.92,1.965204
20170106,17.06,1.959841
20170107,15.98,1.937797
20170108,15.079999999999998,1.967069
20170109,28.04,2.01192
20170110,50.0,1.8515679999999999
20170111,57.019999999999996,1.689665
20170112,64.94,1.6478679999999999
20170113,35.96,1.726753
20170114,35.06,1.687905
20170115,33.98,1.687581
20170116,37.94,1.7932629999999998
20170117,62.06,1.6439590000000002
20170118,50.0,1.713967
20170119,41.0,1.715628
20170120,55.94,1.686896
20170121,64.03999999999999,1.49834
20170122,60.980000000000004,1.480086
20170123,50.0,1.737277
20170124,39.92,1.748056
20170125,50.0,1.682048
20170126,51.980000000000004,1.7755329999999998
20170127,32.0,1.784604
20170128,33.08,1.680279
20170129,30.92,1.703837
20170130,28.04,1.8324259999999999
20170131,39.019999999999996,1.77794
20170201,37.94,1.773542
20170202,33.98,1.797257
20170203,24.98,1.8448309999999999
20170204,30.02,1.731072
20170205,44.96,1.626336
20170206,53.96,1.666987
20170207,62.96,1.64326
20170208,55.94,1.704123
20170209,28.94,1.894777
20170210,30.02,1.835283
20170211,55.94,1.533167
20170212,57.019999999999996,1.581548
20170213,39.019999999999996,1.7707460000000002
20170214,48.92,1.704167
20170215,42.980000000000004,1.7717159999999998
20170216,28.04,1.822071
20170217,53.06,1.724342
20170218,66.02,1.447807
20170219,64.03999999999999,1.439331
20170220,60.980000000000004,1.572958
20170221,64.94,1.5961210000000001
20170222,66.02,1.569985
20170223,68.0,1.577845
20170224,75.92,1.57131
20170225,64.94,1.530028
20170226,39.019999999999996,1.579663
20170227,46.04,1.688338
20170228,55.94,1.571496
20170301,60.980000000000004,1.556454
20170302,39.92,1.7299559999999998
20170303,28.04,1.7572260000000002
20170304,33.08,1.642371
20170305,46.94,1.560351
20170306,55.94,1.602973
20170307,59.0,1.6034000000000002
20170308,55.94,1.5716459999999999
20170309,57.019999999999996,1.5668250000000001
20170310,33.08,1.719088
20170311,26.060000000000002,1.692044
20170312,26.96,1.70527
20170313,39.92,1.803797
20170314,33.98,1.880463
20170315,26.060000000000002,1.917661
20170316,35.96,1.826804
20170317,41.0,1.781642
20170318,44.96,1.5804500000000001
20170319,39.019999999999996,1.535903
20170320,51.08,1.613723
20170321,57.92,1.548086
20170322,39.92,1.667886
20170323,48.92,1.733943
20170324,73.94,1.599972
20170325,71.96000000000001,1.4161030000000001
20170326,66.92,1.3829310000000001
20170327,66.92,1.514844
20170328,57.92,1.532557
20170329,60.08,1.5045050000000002
20170330,55.040000000000006,1.535598
20170331,53.96,1.566297
20170401,46.04,1.4568050000000001
20170402,57.92,1.3837059999999999
20170403,69.08000000000001,1.485824
20170404,62.06,1.52108
20170405,69.98,1.508921
20170406,64.94,1.539072
20170407,39.019999999999996,1.680532
20170408,57.92,1.44437
20170409,71.96000000000001,1.366101
20170410,78.98,1.5681829999999999
20170411,69.08000000000001,1.5390160000000002
20170412,64.94,1.511605
20170413,59.0,1.505948
20170414,73.03999999999999,1.449446
20170415,80.96000000000001,1.433432
20170416,75.02,1.379225
20170417,66.92,1.5345
20170418,71.06,1.5480630000000002
20170419,73.03999999999999,1.584076
20170420,77.0,1.742996
20170421,69.08000000000001,1.582446
20170422,53.96,1.3448209999999998
20170423,68.0,1.378433
20170424,62.96,1.4745039999999998
20170425,64.94,1.5107760000000001
20170426,78.08000000000001,1.656488
20170427,80.96000000000001,1.7360920000000002
20170428,71.96000000000001,1.589269
20170429,73.03999999999999,1.5062840000000002
20170430,87.08000000000001,1.733264
20170501,80.06,1.799831
20170502,60.980000000000004,1.466781
20170503,59.0,1.4542650000000001
20170504,66.02,1.485579
20170505,71.06,1.553201
20170506,48.019999999999996,1.354418
20170507,55.94,1.316033
20170508,57.019999999999996,1.467857
20170509,64.94,1.517788
20170510,71.06,1.5527929999999999
20170511,59.0,1.507368
20170512,57.019999999999996,1.491913
20170513,66.02,1.3431469999999999
20170514,69.98,1.326129
20170515,69.98,1.557856
20170516,82.94,1.763827
20170517,87.08000000000001,2.1357269999999997
20170518,84.02,2.203919
20170519,80.06,2.19619
20170520,71.06,1.628122
20170521,75.02,1.583361
20170522,66.02,1.652955
20170523,71.96000000000001,1.626793
20170524,66.92,1.606721
20170525,64.94,1.5875380000000001
20170526,66.92,1.548065
20170527,71.06,1.426433
20170528,78.08000000000001,1.592935
20170529,78.08000000000001,1.673584
20170530,78.08000000000001,1.89283
20170531,75.02,1.813476
20170601,73.03999999999999,1.716853
20170602,77.0,1.701065
20170603,80.06,1.718168
20170604,80.96000000000001,1.587261
20170605,75.02,1.828748
20170606,64.03999999999999,1.5616510000000001
20170607,66.02,1.534492
20170608,69.98,1.584768
20170609,77.0,1.72885
20170610,82.94,1.888616
20170611,84.92,2.122358
20170612,87.08000000000001,2.445506
20170613,91.03999999999999,2.5621959999999997
20170614,86.0,2.439972
20170615,82.94,2.469179
20170616,82.03999999999999,2.290928
20170617,87.08000000000001,2.295928
20170618,87.08000000000001,2.32091
20170619,78.98,2.100051
20170620,75.92,1.93794
20170621,78.98,2.0875079999999997
20170622,84.92,2.4265630000000002
20170623,75.92,2.054192
20170624,78.98,1.912185
20170625,75.02,1.670592
20170626,73.03999999999999,1.734501
20170627,68.0,1.6279590000000002
20170628,73.94,1.755394
20170629,84.92,2.237992
20170630,82.94,2.348161
20170701,80.96000000000001,2.1140790000000003
20170702,82.94,2.143357
20170703,84.02,2.269656
20170704,82.94,2.186435
20170705,87.98,2.488531
20170706,80.06,2.3340639999999997
20170707,80.06,2.2422150000000003
20170708,78.08000000000001,1.809057
20170709,78.08000000000001,1.831357
20170710,78.98,1.973757
20170711,80.96000000000001,2.274955
20170712,87.08000000000001,2.40964
20170713,77.0,2.145588
20170714,84.02,2.374282
20170715,78.08000000000001,2.0043830000000002
20170716,80.96000000000001,2.133632
20170717,84.02,2.480444
20170718,87.08000000000001,2.555597
20170719,89.06,2.6820619999999997
20170720,87.08000000000001,2.6290109999999998
20170721,87.08000000000001,2.5627649999999997
20170722,78.08000000000001,1.998064
20170723,80.06,2.0840929999999998
20170724,78.98,2.180855
20170725,75.02,1.907687
20170726,80.06,2.191017
20170727,82.03999999999999,2.3373850000000003
20170728,80.06,2.17989
20170729,77.0,1.703824
20170730,84.02,2.012543
20170731,82.94,2.283914
20170801,84.02,2.348052
20170802,82.94,2.430144
20170803,84.02,2.46141
20170804,82.94,2.389462
20170805,73.94,1.632335
20170806,75.02,1.588527
20170807,71.06,1.711005
20170808,75.92,1.8707770000000001
20170809,80.96000000000001,2.019709
20170810,77.0,1.960458
20170811,80.06,2.149789
20170812,77.0,1.915199
20170813,77.0,1.853773
20170814,78.98,2.070468
20170815,84.02,2.394234
20170816,84.02,2.408242
20170817,87.08000000000001,2.5343139999999997
20170818,84.02,2.420764
20170819,82.03999999999999,2.12038
20170820,82.03999999999999,2.0944209999999996
20170821,84.92,2.4328440000000002
20170822,84.02,2.441769
20170823,75.92,1.9091369999999999
20170824,73.94,1.80843
20170825,71.96000000000001,1.692776
20170826,73.94,1.59521
20170827,78.08000000000001,1.714869
20170828,75.02,1.8336810000000001
20170829,75.02,1.845325
20170830,77.0,1.9113019999999998
20170831,75.92,1.913172
20170901,62.06,1.530577
20170902,66.02,1.378222
20170903,71.96000000000001,1.411513
20170904,80.06,1.751147
20170905,75.02,1.78551
20170906,69.08000000000001,1.62996
20170907,64.03999999999999,1.558548
20170908,68.0,1.69206
20170909,68.0,1.380219
20170910,69.08000000000001,1.406048
20170911,71.96000000000001,1.5535809999999999
20170912,71.06,1.5895519999999999
20170913,78.08000000000001,1.883444
20170914,69.98,1.705042
20170915,73.03999999999999,1.715492
20170916,78.98,1.726342
20170917,80.06,1.844633
20170918,82.03999999999999,2.105203
20170919,84.02,2.170859
20170920,80.96000000000001,2.118439
20170921,86.0,2.2473319999999997
20170922,86.0,2.188834
20170923,89.06,2.05146
20170924,89.06,2.225815
20170925,87.08000000000001,2.415893
20170926,87.98,2.462332
20170927,89.96000000000001,2.450752
20170928,71.96000000000001,1.766319
20170929,71.06,1.564349
20170930,62.06,1.348666
20171001,68.0,1.400632
20171002,75.02,1.572281
20171003,78.08000000000001,1.68069
20171004,80.06,1.7934169999999998
20171005,71.96000000000001,1.682383
20171006,71.06,1.6691479999999999
20171007,82.03999999999999,1.730145
20171008,75.02,1.631389
20171009,75.92,1.8573579999999998
20171010,78.98,1.9680799999999998
20171011,75.92,1.8436700000000001
20171012,68.0,1.672455
20171013,73.94,1.6502059999999998
20171014,78.08000000000001,1.593536
20171015,75.02,1.613608
20171016,57.92,1.482566
20171017,62.06,1.509952
20171018,69.98,1.5576759999999998
20171019,69.98,1.567796
20171020,71.96000000000001,1.559137
20171021,75.02,1.424744
20171022,75.92,1.470913
20171023,66.02,1.5572570000000001
20171024,59.0,1.476599
20171025,44.96,1.562279
20171026,53.06,1.55979
20171027,71.06,1.5418900000000002
20171028,55.94,1.44788
20171029,42.980000000000004,1.5224849999999999
20171030,46.04,1.606327
20171031,44.06,1.6050689999999999
20171101,46.04,1.605096
20171102,68.0,1.548613
20171103,64.03999999999999,1.555941
20171104,60.08,1.4153019999999998
20171105,69.08000000000001,1.45588
20171106,59.0,1.558967
20171107,39.019999999999996,1.675368
20171108,48.92,1.624239
20171109,51.980000000000004,1.61755
20171110,41.0,1.729702
20171111,35.96,1.60769
20171112,46.04,1.5752840000000001
20171113,44.96,1.670913
20171114,44.06,1.679623
20171115,46.94,1.6818140000000001
20171116,46.94,1.703804
20171117,42.980000000000004,1.644615
20171118,59.0,1.558203
20171119,48.019999999999996,1.633644
20171120,42.08,1.68002
20171121,55.94,1.5998620000000001
20171122,48.019999999999996,1.688845
20171123,39.019999999999996,1.518615
20171124,53.06,1.5272919999999999
20171125,53.96,1.485638
20171126,44.06,1.570335
20171127,51.980000000000004,1.626236
20171128,64.03999999999999,1.614354
20171129,55.040000000000006,1.6498499999999998
20171130,62.06,1.639387
20171201,48.019999999999996,1.613942
20171202,46.04,1.59051
20171203,55.040000000000006,1.583296
20171204,59.0,1.6628219999999998
20171205,55.94,1.7003949999999999
20171206,44.06,1.726909
20171207,37.04,1.801228
20171208,28.94,1.814725
20171209,35.96,1.683743
20171210,33.08,1.750998
20171211,39.019999999999996,1.795753
20171212,42.980000000000004,1.943157
20171213,24.98,1.949377
20171214,33.08,1.9048040000000002
20171215,28.94,1.899583
20171216,44.06,1.681136
20171217,42.08,1.7074559999999999
20171218,44.96,1.777204
20171219,53.96,1.691552
20171220,44.96,1.760251
20171221,41.0,1.754056
20171222,55.94,1.625131
20171223,55.040000000000006,1.624756
20171224,37.04,1.542214
20171225,32.0,1.617655
20171226,17.96,1.8869
20171227,15.079999999999998,1.983683
20171228,14.0,2.001531
20171229,17.96,1.9405139999999999
20171230,17.96,1.909027
20171231,12.920000000000002,1.937984
